Model,Deaths_MAE,Deaths_MSE,Deaths_R2,CFR_MAE,CFR_MSE,CFR_R2
Linear Regression,43.26388627879002,2625.765717960566,0.00493284189065446,1.00666119355429,123.80430094107906,0.00341152806855749
Random Forest,13.004699826399177,280.87240364936974,0.8935598471032682,0.36929529458356697,23.75653397467215,0.8087668383712004
SVR,41.127714331211756,2504.950667182685,0.05071723476777534,0.7297515911957289,124.62775744352507,-0.003217056328241874
Gradient Boosting,33.49079739874196,1697.8207873821182,0.35658932008926914,0.4422414494713162,0.4770503850575294,0.9961598836981839
Decision Tree,0.0,0.0,1.0,0.0,0.0,1.0
K-Nearest Neighbors,28.56804208898735,1348.9830829257605,0.48878578409230355,0.7341978040286067,100.11667513740053,0.1940899990419266
AdaBoost,40.29845571295145,2235.378231810228,0.1528751216408778,0.535388995076587,0.6519619789354908,0.9947518964413526
