Model,Deaths_MAE,Deaths_MSE,Deaths_R2,CFR_MAE,CFR_MSE,CFR_R2
Linear Regression,43.26388627879002,2625.765717960566,0.00493284189065446,1.00666119355429,123.80430094107906,0.00341152806855749
Random Forest,13.028982440439872,280.61726094989393,0.8936565366590588,0.3236884724056612,23.925215001695715,0.8074090053582322
SVR,41.127714331211756,2504.950667182685,0.05071723476777534,0.7297515911957289,124.62775744352507,-0.003217056328241874
Gradient Boosting,33.49079739874196,1697.8207873821182,0.35658932008926914,0.4422414494713162,0.47705038505752934,0.9961598836981839
